,name,rating,brand,perfumer,gender,types,scent1,scent2,scent3,scent4,scent5
0,"爱马仕 大地
Hermes Terre d'Hermes, 2006",9.7 分 5940 人评价,爱马仕,Jean-Claude Ellena,男香,辛辣木质调,橙子,香根草,胡椒,葡萄柚,雪松
1,"汤姆·福特 灰色香根草
Tom Ford Grey Vetiver, 2009",9.5 分 1408 人评价,汤姆·福特,Harry Fremont,男香,辛辣木质调,香根草,木质香,葡萄柚,橡木苔,肉豆蔻
2,"爱马仕 尼罗河花园
Hermes Un Jardin Sur Le Nil, 2005",9.4 分 4901 人评价,爱马仕,Jean-Claude Ellena,中性香,花香果香调,葡萄柚,芒果,莲花,番茄,橙子
3,"莱俪 墨恋
Lalique Encre Noire, 2006",9.3 分 3858 人评价,莱俪,Nathalie Lorson,男香,木质馥奇香调,香根草,柏树,开司米木,麝香,烟草
4,"宝格丽 大吉岭茶
Bvlgari Pour Homme, 1996",9.2 分 5175 人评价,宝格丽,Jacques Cavallier,男香,木质花香调,茶叶,醛,胡椒,香柠檬,麝香
5,"娇兰 一千零一夜
Guerlain Shalimar, 1925",9.2 分 1068 人评价,娇兰,Jacques Guerlain,女香,辛辣东方调,香草,焚香,皮革,柠檬,柑橘
6,"爱马仕 橘采星光（橘彩）
Hermes Eau des Merveilles, 2004",9 分 2396 人评价,爱马仕,Ralf Schwieger,女香,木质东方调,橙子,琥珀,冷杉,柠檬,胡椒
7,"博柏利 伦敦男士（新伦敦）
Burberry London for Men, 2006",9 分 1667 人评价,博柏利,Antoine Maisondieu,男香,辛辣东方调,烟草,肉桂,皮革,薰衣草,红没药
8,"香奈儿 可可小姐
Chanel Coco Mademoiselle, 2001",9 分 1548 人评价,香奈儿,Jacques Polge,女香,花香甘苔调,广藿香,橙子,玫瑰,橘子,香柠檬
9,"阿玛尼 寄情水男士
Giorgio Armani Acqua di Gio, 1996",9 分 1794 人评价,阿玛尼,Alberto Morillas,男香,水生馥奇香调,海水,柠檬,青柠,香柠檬,茉莉
10,"娇兰 午夜飞行
Guerlain Vol de Nuit, 1933",9.2 分 714 人评价,娇兰,Jacques Guerlain,女香,木质调,白松香,醛,鸢尾花,橡木苔,檀香木
11,"高田贤三 风之恋
Kenzo L'Eau par Kenzo pour Homme, 1999",8.9 分 2557 人评价,高田贤三,Olivier Cresp,男香,水生馥奇香调,柠檬,日本柚子,莲花,水,薄荷
12,"爱马仕 大地香精版
Hermes Terre d'Hermes Parfum, 2009",9.4 分 504 人评价,爱马仕,Jean-Claude Ellena,男香,木质甘苔调,橙子,木质香,葡萄柚,橡木苔,安息香脂
13,"迪奥 真我
Dior J'adore, 1999",8.9 分 2342 人评价,迪奥,Calice Becker,女香,花香果香调,茉莉,梨,香瓜,木兰,铃兰
14,"迪奥 清新之水
Dior Eau Sauvage, 1966",9.1 分 934 人评价,迪奥,Edmond Roudnitska,男香,柑橘馥奇香调,柠檬,香柠檬,罗勒,香根草,迷迭香
15,"娇兰 满堂红
Guerlain Habit Rouge Eau de Toilette, 1965",9.1 分 991 人评价,娇兰,Jean-Paul Guerlain,男香,木质东方调,柠檬,香草,皮革,玫瑰,檀香木
16,"爱马仕 屋顶花园
Hermes Un Jardin Sur Le Toit, 2011",8.9 分 2341 人评价,爱马仕,Jean-Claude Ellena,中性香,果香馥奇香调,青草,红苹果,梨,玫瑰,迷迭香
17,"爱马仕 地中海花园
Hermes Un Jardin En Mediterranee, 2003",8.9 分 1677 人评价,爱马仕,Jean-Claude Ellena,中性香,水生花香调,无花果叶,柠檬,柏树,杜松,香柠檬
18,"爱马仕 李先生的花园
Hermes Le Jardin de Monsieur Li, 2015",8.9 分 2237 人评价,爱马仕,Jean-Claude Ellena,中性香,柑橘馥奇香调,金橘,茉莉,薄荷,柚子,竹子
19,"祖玛珑 鼠尾草与海盐
Jo Malone Wood Sage & Sea Salt, 2014",8.9 分 3826 人评价,祖玛珑,Christine Nagel,中性香,馥奇香调,盐,鼠尾草,奶油,葡萄柚,椰子
20,"纳茜素 她的同名女士淡香水
Narciso Rodriguez For Her, 2003",8.9 分 1632 人评价,纳茜素,Christine Nagel,女香,木质花香调,麝香,橙花,桂花,琥珀,香根草
21,"蔻依 同名淡香精（肉丝带）
Chloe Eau de Parfum, 2008",8.9 分 1250 人评价,蔻依,Michel Almairac,女香,东方花香调,玫瑰,牡丹,荔枝,小苍兰,铃兰
22,"祖玛珑 蓝色风铃草
Jo Malone Wild Bluebell, 2011",8.8 分 3629 人评价,祖玛珑,Christine Nagel,女香,绿叶花香调,西瓜,风铃草,茉莉,铃兰,野玫瑰果
23,"宝格丽 白茶
Bvlgari Eau Parfumee au The Blanc, 2003",8.9 分 1465 人评价,宝格丽,Jacques Cavallier,中性香,木质花香调,茶叶,麝香,胡椒,木质香,艾蒿
24,"保罗史密斯 玫瑰之约
Paul Smith Rose, 2007",8.9 分 1107 人评价,保罗史密斯,Antoine Maisondieu,女香,花香调,玫瑰,茶叶,紫罗兰,木兰,麝香
25,"杜嘉班纳 浅蓝女士
Dolce&Gabbana Light Blue, 2001",8.8 分 1463 人评价,杜嘉班纳,Olivier Cresp,女香,花香果香调,柠檬,苹果,雪松,竹子,麝香
26,"娇兰 蝴蝶夫人
Guerlain Mitsouko Eau de Toilette, 1919",9.1 分 584 人评价,娇兰,Jacques Guerlain,女香,果香甘苔调,橡木苔,辛香料,桃子,香根草,肉桂
27,"蒂埃里·穆勒 青净古龙水
Mugler Cologne, 2001",9 分 790 人评价,蒂埃里·穆勒,Alberto Morillas,中性香,柑橘馥奇香调,橙花油,苦橙叶,香柠檬,橙花,麝香
28,"爱马仕 橘绿之泉 古龙水
Hermes Eau D'Orange Verte EDC, 1979",8.9 分 983 人评价,爱马仕,Francoise Caron,中性香,绿叶花香调,柠檬,橘子,香柠檬,橙花,茉莉
29,"香奈儿 19号
Chanel No 19 Eau de Parfum",9.1 分 573 人评价,香奈儿,Henri Robert,女香,绿叶花香调,绿叶,鸢尾花,橡木苔,香根草,玫瑰
30,"圣罗兰 鸦片男士
YSL Yves Saint Laurent Opium Pour Homme, 1995",9 分 666 人评价,圣罗兰,Jacques Cavallier,男香,辛辣东方调,黑加仑,香草,八角,妥鲁香脂,胡椒
31,"宝格丽 红茶
Bvlgari Eau Parfumee au The Rouge, 2006",8.8 分 1151 人评价,宝格丽,Olivier Polge,中性香,木质东方调,茶叶,粉红胡椒,无花果,核桃,香柠檬
32,"迪奥 沙丘女士
Dior Dune, 1991",9.1 分 614 人评价,迪奥,Nejla Barbir,女香,木质东方调,巴西红木,檀香木,琥珀,醛,安息香脂
33,"宾利 黑色尊爵
Bentley For Men Absolute, 2014",9.1 分 580 人评价,宾利,Michel Almairac,男香,木质东方调,乳香,檀香木,纸莎草,沉香(乌木),雪松
34,"艾克卡帕 白麝香（白苔）
Acca Kappa White Moss, 1997",9 分 713 人评价,艾克卡帕,None,中性香,馥奇香调,杜松子,麝香,薰衣草,香柠檬,柠檬
35,"宝格丽 水能量（碧蓝）
Bvlgari Aqva Pour Homme, 2005",8.8 分 1220 人评价,宝格丽,Jacques Cavallier,男香,水生馥奇香调,海藻,橘子,橙子,雪松,苦橙叶
36,"迪奥 桀骜清新古龙
Dior Homme Cologne, 2013",9.2 分 495 人评价,迪奥,Francois Demachy,男香,柑橘馥奇香调,香柠檬,西柚花,麝香,生姜,柠檬
37,"斯特拉 同名女士
Stella McCartney Stella, 2003",9.1 分 554 人评价,斯特拉,Jacques Cavallier,女香,花香调,玫瑰,牡丹,琥珀,橘子,None
38,"娇兰 圣莎拉
Guerlain Samsara Eau de Parfum, 1989",9.3 分 421 人评价,娇兰,Jean-Paul Guerlain,女香,木质东方调,檀香木,依兰,香草,鸢尾花,茉莉
39,"祖玛珑 英国梨与小苍兰
Jo Malone English Pear & Freesia, 2010",8.7 分 2650 人评价,祖玛珑,Christine Nagel,女香,果香甘苔调,梨,小苍兰,玫瑰,广藿香,麝香
40,"爱马仕 血色大黄
Hermes Eau de Rhubarbe Ecarlate, 2016",9 分 563 人评价,爱马仕,Christine Nagel,中性香,None,红浆果,大黄,麝香,香柠檬,梨
41,"浪凡 光韵
Lanvin Eclat d'Arpège, 2002",8.7 分 2258 人评价,浪凡,Karine Dubreuil,女香,花香果香调,紫丁香,茶叶,牡丹,桃花,麝香
42,"迪奥 桀骜男士
Dior Homme, 2005",9.1 分 510 人评价,迪奥,Olivier Polge,男香,木质花香调,鸢尾花,可可果,薰衣草,皮革,琥珀
43,"迪奥 花漾甜心
Dior Miss Dior Cherie Blooming Bouquet, 2007",8.7 分 1538 人评价,迪奥,None,女香,花香调,牡丹,橘子,麝香,玫瑰,None
44,"迪奥 华氏温度
Dior Fahrenheit, 1988",9 分 581 人评价,迪奥,Maurice Roger,男香,木质花香调,皮革,紫罗兰叶,肉豆蔻,香根草,薰衣草
45,"祖玛珑 英国橡树与榛果
Jo Malone English Oak & Hazelnut, 2017",9.4 分 349 人评价,祖玛珑,Yann Vasnier,中性香,辛辣木质调,橡木,雪松,榛子,绿叶,番茄叶
46,"香奈儿 5号
Chanel N°5, 1921",8.7 分 1313 人评价,香奈儿,Ernest Beaux,女香,醛香花香调,醛,依兰,柠檬,鸢尾花,玫瑰
47,"祖玛珑 橙花
Jo Malone Orange Blossom, 2003",8.6 分 1527 人评价,祖玛珑,Jean-Claude Delville,中性香,花香调,橙花,克里曼丁红橘,紫丁香,香橼,绿叶
48,"大卫杜夫 冷水男士
Davidoff Cool Water, 1988",8.6 分 2082 人评价,大卫杜夫,Pierre Bourdon,男香,水生馥奇香调,海水,薰衣草,薄荷,绿叶,烟草
49,"三宅一生 一生之水男士
Issey Miyake L'Eau d'Issey Pour Homme, 1994",8.6 分 1629 人评价,三宅一生,Jacques Cavallier,男香,水生木质调,柠檬,日本柚子,莲花,香根草,香柠檬
50,"爱马仕之旅
Hermes Voyage d'Hermes, 2010",8.9 分 583 人评价,爱马仕,Jean-Claude Ellena,中性香,木质花香调,柠檬,小豆蔻,辛香料,木质香,茶叶
51,"迪奥 蛊媚奇葩（红毒）
Dior Hypnotic Poison, 1998",8.7 分 943 人评价,迪奥,Annick Menardo,女香,东方美食调,香草,杏仁,椰子,檀香木,巴西红木
52,"香奈儿 邂逅清新（绿邂逅）
Chanel Chance Eau Fraiche, 2007",8.6 分 1387 人评价,香奈儿,Jacques Polge,女香,花香甘苔调,柠檬,雪松,凤眼兰,粉红胡椒,广藿香
53,"爱马仕的一天（爱马仕之光）
Hermes Jour d'Hermes, 2013",8.8 分 696 人评价,爱马仕,Jean-Claude Ellena,女香,花香调,柠檬,葡萄柚,白色花系,栀子花,绿叶
54,"香奈儿 蔚蓝
Chanel Bleu de Chanel, 2010",8.6 分 1542 人评价,香奈儿,Jacques Polge,男香,木质馥奇香调,柠檬,葡萄柚,焚香,生姜,薄荷
55,"香奈儿 邂逅柔情（粉邂逅）
Chanel Chance Eau Tendre, 2010",8.6 分 1261 人评价,香奈儿,Jacques Polge,女香,花香果香调,木梨,葡萄柚,风信子,茉莉,麝香
56,"迪奥 旷野
Dior Sauvage, 2015",8.6 分 1233 人评价,迪奥,Francois Demachy,男香,馥奇香调,降龙涎香醚,香柠檬,花椒,胡椒,薰衣草
57,"宝格丽 活力海洋（海蓝）
Bvlgari Aqva Pour Homme Marine, 2008",8.6 分 1183 人评价,宝格丽,Jacques Cavallier,男香,水生馥奇香调,水,海藻,葡萄柚,橙花油,橘子
58,"爱马仕 橘绿之泉 淡香水
Hermes Concentre d'Orange Verte EDT, 2004",9.1 分 441 人评价,爱马仕,Jean Guichard,中性香,柑橘馥奇香调,橙子,罗勒,雪松,广藿香,琥珀
59,"宝格丽 大吉岭极致版
Bvlgari Pour Homme Extreme, 1999",8.8 分 771 人评价,宝格丽,Jacques Cavallier,男香,木质馥奇香调,茶叶,葡萄柚,香柠檬,橙花油,麝香
60,"迪奥 午夜奇葩（蓝毒）
Dior Midnight Poison, 2007",9 分 466 人评价,迪奥,Olivier Cresp,Jacques Cavallier,女香,广藿香,玫瑰,琥珀,香柠檬,香草
61,"博柏利 动感节拍男士
Burberry The Beat for Men, 2008",8.8 分 627 人评价,博柏利,Domitille Bertier,男香,木质馥奇香调,胡椒,香橼,香根草,木质香,紫罗兰
62,"蔻依 水漾玫瑰（绿丝带）
Chloe L'Eau de Chloe, 2012",8.7 分 906 人评价,蔻依,Michel Almairac,女香,花香甘苔调,玫瑰,广藿香,葡萄柚,香橼,雪松
63,"阿玛尼 挚爱
Giorgio Armani Si, 2013",8.6 分 998 人评价,阿玛尼,Christine Nagel,女香,果香甘苔调,醋栗叶,香草,广藿香,玫瑰,小苍兰
64,"香奈儿 可可女士
Chanel Coco Eau de Parfum, 1984",9.1 分 384 人评价,香奈儿,Jacques Polge,女香,辛辣东方调,公丁香,琥珀,玫瑰,檀香木,芫荽
65,"娇兰 遗产
Guerlain Heritage Eau de Toilette, 1992",9.3 分 312 人评价,娇兰,Jean-Paul Guerlain,男香,辛辣木质调,檀香木,广藿香,薰衣草,柠檬,橡木苔
66,"爱马仕 雪白龙胆
Hermes Eau de Gentiane Blanche, 2009",8.7 分 728 人评价,爱马仕,Jean-Claude Ellena,中性香,馥奇香调,人参,秦艽,焚香,鸢尾花,麝香
67,"香奈儿 5号之水
Chanel No 5 L'Eau, 2016",9 分 468 人评价,香奈儿,Olivier Polge,女香,醛香花香调,柠檬,醛,依兰,橙花油,麝香
68,"宝格丽 花舞轻盈（紫晶）
Bvlgari Omnia Amethyste, 2006",8.6 分 959 人评价,宝格丽,Alberto Morillas,女香,木质花香调,天芥菜,鸢尾花,木质香,绿叶,玫瑰
69,"祖玛珑 浓古龙-黑琥珀与姜百合
Jo Malone Dark Amber & Ginger Lily, 2008",9.1 分 371 人评价,祖玛珑,Jo Malone,女香,木质东方调,生姜,檀香木,龙涎香,小豆蔻,乳香
70,"迪奥 冰火奇葩（白毒）
Dior Pure Poison, 2004",8.6 分 925 人评价,迪奥,Olivier Polge,Carlos Benaim,女香,茉莉,栀子花,橙花,檀香木,橙子
71,"迪奥 花漾甜心14年版
Dior Miss Dior Blooming Bouquet, 2014",8.8 分 672 人评价,迪奥,Francois Demachy,女香,花香调,牡丹,玫瑰,麝香,橘子,杏
72,"缪缪 滢蓝（蓝色之水）
Miu Miu L’Eau Bleue, 2016",8.8 分 680 人评价,缪缪,Daniela (Roche) Andrier,女香,花香调,铃兰,绿叶,白色花系,茉莉,露珠
73,"科颜氏 原创麝香
Kiehl's Original Musk, 2004",8.8 分 559 人评价,科颜氏,None,中性香,木质花香调,麝香,橙花,依兰,零陵香豆,百合
74,"迪奥 毒药（紫毒）
Dior Poison, 1985",8.8 分 550 人评价,迪奥,Edouard Flechier,女香,东方花香调,李子,晚香玉,焚香,蜂蜜,森林水果
75,"橘滋 脏话男士
Juicy Couture Dirty English for Men, 2008",8.5 分 1873 人评价,橘滋,Claude Dir,男香,辛辣木质调,沉香(乌木),皮革,橘子,雪松,檀香木
76,"蔻依 玫瑰（粉丝带）
Chloe Roses De Chloe, 2013",8.7 分 674 人评价,蔻依,None,女香,花香调,玫瑰,麝香,荔枝,木兰,香柠檬
77,"祖玛珑 浓古龙-乌木与佛手柑（乌木与香柠檬）
Jo Malone Oud & Bergamot, 2010",9 分 450 人评价,祖玛珑,Christine Nagel,中性香,东方调,沉香(乌木),香柠檬,柠檬,雪松,橙子
78,"爱马仕 雨后花园（印度花园）
Hermes Un Jardin Apres la Mousson, 2008",8.5 分 1118 人评价,爱马仕,Jean-Claude Ellena,中性香,辛辣木质调,生姜,小豆蔻,胡椒,芫荽,黄瓜
79,"娇兰 阵雨过后（雨过天晴）
Guerlain Apres l'Ondee, 1906",9.1 分 370 人评价,娇兰,Jacques Guerlain,女香,东方花香调,紫罗兰,鸢尾花,天芥菜,茴芹,鸢尾根
80,"纳茜素 她的同名女士淡香精
Narciso Rodriguez for Her Eau de Parfum, 2006",8.6 分 1029 人评价,纳茜素,Christine Nagel,女香,木质花香调,麝香,玫瑰,桃子,广藿香,檀香木
81,"三宅一生 一生之水女士香水
Issey Miyake L'eau d'Issey, 1992",8.4 分 2021 人评价,三宅一生,Jacques Cavallier,女香,水生花香调,莲花,香瓜,铃兰,百合,玫瑰
82,"圣罗兰 暗夜男士
YSL Yves Saint Laurent La Nuit de l'Homme, 2009",8.7 分 667 人评价,圣罗兰,Anne Flipo,Dominique Ropion,男香,小豆蔻,薰衣草,香柠檬,雪松,葛缕子
83,"娇兰 花草水语-薄荷青草
Guerlain Aqua Allegoria Herba Fresca, 1999",8.6 分 737 人评价,娇兰,Jean-Paul Guerlain,中性香,绿叶馥奇香调,柠檬,薄荷,茶叶,三叶草,铃兰
84,"范思哲 同名经典男士
Versace Pour Homme, 2008",8.5 分 1033 人评价,范思哲,Alberto Morillas,男香,馥奇香调,柠檬,橙花油,香柠檬,风信子,零陵香豆
85,"范思哲 云淡风轻（绅情）男士
Versace Man Eau Fraiche, 2006",8.5 分 984 人评价,范思哲,Olivier Cresp,男香,水生木质调,柠檬,香柠檬,杨桃,雪松,木质香
86,"摩勒沃兹 血橙和罗勒古龙水
Maurer & Wirtz 4711 Acqua Colonia Blood Orange & Basil, 2010",8.6 分 798 人评价,摩勒沃兹,None,中性香,柑橘馥奇香调,血橙,罗勒,柠檬,None,None
87,"爱马仕 大地清新版
Hermes Terre d'Hermes Eau Tres Fraiche, 2014",8.7 分 619 人评价,爱马仕,None,男香,木质馥奇香调,柑橘,橙子,水,木质香,雪松
88,"纪梵希 小熊宝宝
Givenchy Ptisenbon, 1988",8.5 分 1191 人评价,纪梵希,None,女香,绿叶花香调,柠檬,忍冬,茉莉,铃兰,橙子
89,"古驰 新同名男士
Gucci by Gucci Pour Homme, 2008",8.9 分 404 人评价,古驰,Aurelien Guichard,男香,木质甘苔调,烟草,柏树,香柠檬,紫罗兰,广藿香
90,"爱马仕 蓝色橘采星光
Hermes Eau des Merveilles Bleue, 2016",8.6 分 766 人评价,爱马仕,Christine Nagel,女香,水生馥奇香调,海水,木质香,广藿香,香柠檬,橙子
91,"纳茜素 玫瑰麝香
Narciso Rodriguez Fleur Musc for Her, 2017",8.9 分 425 人评价,纳茜素,Calice Becker,女香,木质花香调,玫瑰,牡丹,麝香,粉红胡椒,广藿香
92,"安娜苏 许愿精灵
Anna Sui Secret Wish, 2005",8.4 分 1759 人评价,安娜苏,Michel Almairac,女香,花香果香调,柠檬,菠萝,香瓜,桃子,黑加仑
93,"娇兰 香根草（伟之华）
Guerlain Vetiver, 2000",9 分 376 人评价,娇兰,Jean-Paul Guerlain,男香,木质馥奇香调,香根草,柠檬,烟草,香柠檬,肉豆蔻
94,"祖玛珑 黑莓与月桂叶
Jo Malone Blackberry & Bay, 2012",8.5 分 877 人评价,祖玛珑,Fabrice Pellegrin,女香,花香果香调,黑莓,月桂叶,葡萄柚,雪松,香根草
95,"宝格丽 晶莹纯香（白晶）
Bvlgari Omnia Crystalline, 2005",8.5 分 778 人评价,宝格丽,Alberto Morillas,女香,水生花香调,莲花,麝香,茶叶,竹子,梨
96,"宝格丽 黑茶
Bvlgari Black, 1998",8.6 分 670 人评价,宝格丽,Annick Menardo,中性香,木质东方调,皮革,香草,茶叶,檀香木,琥珀
97,"博柏利 伦敦女士（新伦敦）
Burberry London, 2006",8.6 分 655 人评价,博柏利,Jean-Marc Chaillan,女香,花香调,茉莉,忍冬,蜜橘,提亚蕾花,牡丹
98,"迪奥 茉莉花
Diorissimo, 1956",8.8 分 430 人评价,迪奥,Edmond Roudnitska,女香,花香调,铃兰,紫丁香,茉莉,绿叶,百合
99,"巴黎世家 至真
Balenciaga B. Balenciaga, 2014",9.2 分 267 人评价,巴黎世家,Domitille Bertier,女香,木质馥奇香调,紫罗兰叶,豌豆,雪松,铃兰,鸢尾根
100,"缪缪 同名
Miu Miu, 2015",8.4 分 1202 人评价,缪缪,Daniela (Roche) Andrier,女香,花香调,铃兰,绿叶,茉莉,亚基戛纳木,玫瑰
101,"迪奥 蓝色魅惑
Dior Addict, 2002",9 分 339 人评价,迪奥,Thierry Wasser,女香,东方花香调,香草,零陵香豆,檀香木,黑莓,苦橙叶
102,"娇兰 蓝调时光
Guerlain L'Heure Bleue, 1912",9.1 分 302 人评价,娇兰,Jacques Guerlain,女香,东方花香调,鸢尾花,天芥菜,康乃馨,紫罗兰,香草
103,"娇兰 花草水语-柑橘罗勒
Guerlain Aqua Allegoria Mandarine Basilic, 2007",8.7 分 527 人评价,娇兰,Marie Salamagne,女香,柑橘馥奇香调,克里曼丁红橘,橘子,罗勒,苦橙,橙花
104,"香奈儿 绅士
Chanel Pour Monsieur, 1955",9.3 分 259 人评价,香奈儿,Henri Robert,男香,甘苔调,柠檬,橡木苔,生姜,香根草,柠檬马鞭草
105,"宝格丽 夜茉莉
Bvlgari Jasmin Noir, 2008",8.6 分 544 人评价,宝格丽,Sophie Labbe,女香,东方花香调,茉莉,杏仁,栀子花,甘草,零陵香豆
106,"迪奥 桀骜新版
Dior Homme, 2011",9 分 338 人评价,迪奥,Francois Demachy,男香,木质花香调,鸢尾花,可可果,皮革,薰衣草,琥珀
107,"高田贤三 水之恋
Kenzo L'Eau par Kenzo, 1996",8.4 分 1030 人评价,高田贤三,Olivier Cresp,女香,水生花香调,睡莲,芦苇,薄荷,紫丁香,胡椒
108,"香奈儿 邂逅（黄邂逅）
Chanel Chance Eau de Toilette, 2003",8.5 分 746 人评价,香奈儿,Jacques Polge,女香,花香甘苔调,柠檬,广藿香,粉红胡椒,菠萝,茉莉
109,"宝格丽 大吉岭夜色（夜幽）
Bvlgari Pour Homme Soir, 2006",8.4 分 802 人评价,宝格丽,None,男香,木质花香调,茶叶,纸莎草,香柠檬,琥珀,水
110,"摩勒沃兹 4711原始古龙水
Maurer & Wirtz 4711 Original Eau de Cologne, 1792",8.4 分 771 人评价,摩勒沃兹,Wilhelm Muelhens,中性香,柑橘馥奇香调,柠檬,香柠檬,橙子,罗勒,茉莉
111,"香奈儿 蔚蓝淡香精
Chanel Bleu de Chanel Eau de Parfum, 2014",8.8 分 371 人评价,香奈儿,Jacques Polge,男香,木质馥奇香调,柠檬,葡萄柚,焚香,琥珀,香根草
112,"祖玛珑 红玫瑰
Jo Malone Red Roses, 2001",8.3 分 1172 人评价,祖玛珑,Lucien Piquet,女香,绿叶花香调,玫瑰,柠檬,蜂蜡,薄荷,紫罗兰叶
113,"博柏利 红粉恋歌
Burberry Brit Sheer, 2007",8.2 分 1561 人评价,博柏利,Emilie (Bevierre) Coppermann,女香,花香果香调,荔枝,日本柚子,牡丹,橘子,菠萝
114,"祖玛珑 杏桃花与蜂蜜
Jo Malone Nectarine Blossom & Honey, 2005",8.2 分 1414 人评价,祖玛珑,Jo Malone,中性香,花果香美食调,油桃,桃子,绿叶,李子,洋槐
115,"浪凡 琶音
Lanvin Arpege, 1927",8.6 分 485 人评价,浪凡,Andre Fraysse,女香,醛香花香调,醛,依兰,茉莉,檀香木,琥珀
116,"博柏利 风格男士
Burberry Brit for Men, 2004",8.5 分 623 人评价,博柏利,Antoine Maisondieu,男香,木质东方调,玫瑰,生姜,小豆蔻,橘子,零陵香豆
117,"圣罗兰 黑鸦片
YSL Yves Saint Laurent Black Opium, 2014",8.2 分 2146 人评价,圣罗兰,Marie Salamagne,Nathalie Lorson,Honorine Blanc,香草,咖啡,梨,茉莉,广藿香
118,"圣罗兰 鸦片（红鸦）
YSL Yves Saint Laurent Opium, 2009",8.6 分 491 人评价,圣罗兰,None,女香,辛辣东方调,没药,康乃馨,红没药,琥珀,广藿香
119,"马克·雅可布 小雏菊
Marc Jacobs Daisy, 2007",8.2 分 1355 人评价,马克·雅可布,Alberto Morillas,女香,木质花香调,紫罗兰叶,葡萄柚,紫罗兰,草莓,栀子花
120,"古驰 经典同名男士二代
Gucci Pour Homme II, 2007",9.1 分 271 人评价,古驰,Karine Dubreuil,男香,辛辣木质调,茶叶,肉桂,紫罗兰叶,烟草,甜椒
121,"宝格丽 水漾夜茉莉
Bvlgari Mon Jasmin Noir L'Eau Exquise, 2012",8.4 分 648 人评价,宝格丽,Sophie Labbe,女香,花香调,葡萄柚,茶叶,柚子,茉莉,麝香
122,"迪奥小姐
Dior Miss Dior (2012), 2012",8.5 分 527 人评价,迪奥,Francois Demachy,女香,花香甘苔调,广藿香,橘子,茉莉,玫瑰,麝香
123,"圣罗兰 鸦片
YSL Yves Saint Laurent Opium, 1977",9 分 298 人评价,圣罗兰,Raymond Chaillan,Jean-Louis Sieuzac,女香,焚香,公丁香,康乃馨,肉桂,檀香木
124,"祖玛珑 浓古龙-丝绒玫瑰与乌木
Jo Malone Velvet Rose & Oud, 2012",8.7 分 392 人评价,祖玛珑,Fabrice Pellegrin,中性香,东方花香调,玫瑰,沉香(乌木),果仁糖,公丁香,荔枝
125,"香奈儿 可可小姐淡香水
Chanel Coco Mademoiselle Eau de toilette, 2002",8.7 分 422 人评价,香奈儿,Jacques Polge,女香,木质东方调,广藿香,香柠檬,橙子,玫瑰,荔枝
126,"凯文克莱 唯一
Calvin Klein CK One, 1994",8.1 分 2101 人评价,凯文克莱,Alberto Morillas,中性香,柑橘馥奇香调,柠檬,绿叶,香柠檬,麝香,雪松
127,"高田贤三 一枝花（罂粟花/花样年华）
Kenzo Flower by Kenzo, 2000",8.3 分 820 人评价,高田贤三,Alberto Morillas,女香,东方花香调,紫罗兰,玫瑰,香草,麝香,焚香
128,"祖玛珑 牡丹与胭红麂绒
Jo Malone Peony & Blush Suede, 2013",8.3 分 739 人评价,祖玛珑,Christine Nagel,女香,花香调,牡丹,红苹果,绒面革,玫瑰,茉莉
129,"宝格丽 碧玺（晶欣）
Bvlgari Omnia Paraiba, 2015",8.6 分 404 人评价,宝格丽,Alberto Morillas,女香,花香果香调,百香果,西番莲,苦橙,栀子花,可可果
130,"古驰 绽放
Gucci Bloom, 2017",8.2 分 1043 人评价,古驰,Alberto Morillas,女香,花香调,晚香玉,茉莉,忍冬,鸢尾根,栀子花
131,"爱马仕 橘采星光淡香精（橘彩）
Hermes Elixir des Merveilles, 2006",8.5 分 463 人评价,爱马仕,Jean-Claude Ellena,女香,东方馥奇香调,树脂,橙子,焦糖,琥珀,秘鲁香脂
132,"爱马仕 凯莉驿马车
Hermes Kelly Caleche, 2007",8.5 分 442 人评价,爱马仕,Jean-Claude Ellena,女香,木质花香调,皮革,玫瑰,葡萄柚,鸢尾花,水仙花
133,"博柏利 裸纱（玲珑）
Burberry Body, 2011",8.4 分 610 人评价,博柏利,Michel Almairac,女香,果香甘苔调,玫瑰,桃子,麝香,苦艾,开司米木
134,"让·巴杜 喜悦
Jean Patou Joy, 1930",9.1 分 227 人评价,让·巴杜,Henri Almeras,女香,花香调,茉莉,玫瑰,晚香玉,依兰,麝香
135,"香奈儿 可可小姐黑色
Chanel Coco Noir, 2012",8.4 分 512 人评价,香奈儿,Jacques Polge,女香,木质花香调,广藿香,玫瑰,檀香木,乳香,葡萄柚
136,"爱马仕 法布街24号
Hermes 24 Faubourg, 1995",8.7 分 351 人评价,爱马仕,Maurice Roucel,女香,花香甘苔调,橙花,栀子花,琥珀,风信子,茉莉
137,"宝格丽 蓝茶男士
Bvlgari BLV Pour Homme, 2001",8.2 分 689 人评价,宝格丽,Alberto Morillas,男香,辛辣木质调,生姜,小豆蔻,烟草花,檀香木,南姜
138,"阿莎罗 同名男士（卡门情人）
Azzaro pour Homme, 1978",8.8 分 280 人评价,阿莎罗,Gerard Anthony,Martin Heiddenreich,男香,薰衣草,茴芹,橡木苔,柠檬,皮革
139,"圣罗兰 天之骄子
YSL Yves Saint Laurent L'Homme, 2006",8.5 分 435 人评价,圣罗兰,Anne Flipo,Dominique Ropion,男香,生姜,柠檬,辛香料,香柠檬,零陵香豆
140,"杰弗里·比尼 灰色法兰绒
Geoffrey Beene Grey Flannel, 1975",8 分 1131 人评价,杰弗里·比尼,Andre Fromentin,男香,木质东方调,紫罗兰,橡木苔,白松香,鸢尾花,橙花油
141,"祖玛珑 伯爵茶与黄瓜
Jo Malone Earl Grey & Cucumber, 2011",8.2 分 687 人评价,祖玛珑,Christine Nagel,中性香,馥奇香调,香柠檬,伯爵茶,黄瓜,麝香,蜂蜡
142,"浪凡 谣言（美丽传说）
Lanvin Rumeur, 2006",8.2 分 583 人评价,浪凡,Francis Kurkdjian,女香,木质花香调,木兰,铃兰,麝香,茉莉,玫瑰
143,"杜嘉班纳 唯我男士
Dolce&Gabbana The One for Men, 2008",8.7 分 303 人评价,杜嘉班纳,Stefano Gabbana,男香,辛辣木质调,琥珀,烟草,生姜,葡萄柚,小豆蔻
144,"博柏利 风格女士
Burberry Brit, 2003",8.2 分 661 人评价,博柏利,Nathalie Gracia-Cetto,女香,花香果香调,香草,杏仁,青柠,梨,零陵香豆
145,"汤姆·福特 午夜兰花（经典黑兰花）
Tom Ford Black Orchid, 2006",8.2 分 614 人评价,汤姆·福特,Givaudan,女香,东方花香调,黑巧克力,植物块茎,广藿香,香草,兰花
146,"高田贤三 毛竹（竹子）
Kenzo pour Homme, 1991",8.5 分 349 人评价,高田贤三,Christian Mathieu,男香,水生馥奇香调,海水,檀香木,冷杉,松树,橡木苔
147,"香奈儿 力度
Chanel Antaeus, 1981",8.9 分 245 人评价,香奈儿,Jacques Polge,男香,木质甘苔调,海狸香,橡木苔,广藿香,劳丹脂,玫瑰
148,"博柏利 绵羊宝贝
Burberry Baby Touch, 2002",8.2 分 586 人评价,博柏利,Michel Girard,中性香,柑橘美食调,柠檬马鞭草,香草,牛奶,大黄,橙子
149,"娇兰 瞬间男士
Guerlain L'Instant de Guerlain pour Homme, 2004",8.7 分 273 人评价,娇兰,Beatrice Piquet,男香,辛辣木质调,柠檬,可可果,檀香木,香柠檬,广藿香
150,"普拉达 鸢尾花男士
Prada Infusion d'Homme, 2008",8.8 分 268 人评价,普拉达,Daniela (Roche) Andrier,男香,木质馥奇香调,鸢尾花,脂粉味,橙花油,香根草,乳香
151,"高田贤三 禅风之竹
Kenzo Homme Boisee, 2010",8.8 分 268 人评价,高田贤三,Olivier Polge,男香,木质馥奇香调,香根草,罗勒,雪松,薄荷,胡椒
152,"香奈儿 19号淡香水
Chanel N°19 EDT, 1970",8.5 分 364 人评价,香奈儿,Henri Robert,女香,绿叶花香调,白松香,橡木苔,鸢尾花,风信子,香根草
153,"爱马仕 粉红葡萄柚
Hermes Eau de Pamplemousse Rose, 2009",8.4 分 382 人评价,爱马仕,Jean-Claude Ellena,中性香,柑橘馥奇香调,葡萄柚,橙子,玫瑰,香根草,粉红胡椒
154,"纪梵希 玩转浓情
Givenchy Play Intense, 2008",8.5 分 327 人评价,纪梵希,Lucas Sieuzac,男香,东方馥奇香调,咖啡,零陵香豆,粉红胡椒,广藿香,橘子
155,"祖玛珑 白茉莉与薄荷
Jo Malone White Jasmine & Mint, 2007",8.2 分 582 人评价,祖玛珑,David Apel,中性香,绿叶花香调,茉莉,薄荷,茶叶,香柠檬,洋甘菊
156,"约翰·瓦维托斯 艺术工匠（黄藤编）
John Varvatos Artisan, 2009",8.2 分 497 人评价,约翰·瓦维托斯,Rodrigo Flores-Roux,男香,柑橘馥奇香调,克里曼丁红橘,橙花,蜜橘,生姜,马郁兰
157,"保罗史密斯 故事
Paul Smith Story, 2006",9 分 206 人评价,保罗史密斯,Nathalie Gracia-Cetto,男香,花香果香调,香根草,常春藤,葡萄柚,香柠檬,雪松
158,"罗意威 001 事后清晨男士
Loewe 001 Man, 2016",8 分 701 人评价,罗意威,None,男香,木质花香调,檀香木,麝香,香柠檬,香根草,皮革
159,"D二次方 落基山木缘
DSQUARED² He Wood Rocky Mountain Wood, 2009",8.7 分 265 人评价,D二次方,None,男香,木质调,雪松,紫罗兰,香根草,胡椒,焚香
160,"高缇耶 裸男
Jean Paul Gaultier Le Male, 1995",8.2 分 440 人评价,高缇耶,Francis Kurkdjian,男香,东方馥奇香调,香草,薰衣草,薄荷,肉桂,零陵香豆
161,"三宅一生 气息
Issey Miyake A Scent by Issey Miyake, 2009",8.2 分 483 人评价,三宅一生,Daphne Bugey,女香,花香调,柠檬,柠檬马鞭草,风信子,茉莉,雪松
162,"梵克雅宝 午夜巴黎
Van Cleef & Arpels Midnight in Paris, 2010",8.2 分 511 人评价,梵克雅宝,Domitille Bertier,男香,东方调,皮革,零陵香豆,焚香,安息香脂,杏仁
163,"浪凡 我愿意（嫁给我）
Lanvin Marry Me, 2010",8.1 分 577 人评价,浪凡,Antoine Maisondieu,女香,花香果香调,茉莉,苦橙,桃子,小苍兰,木兰
164,"巴黎世家 花之密语
Balenciaga Florabotanica, 2012",8.5 分 308 人评价,巴黎世家,Jean-Christophe Herault,女香,绿叶花香调,玫瑰,薄荷,康乃馨,香根草,大麻
165,"约翰·瓦维托斯 暗黑革命
John Varvatos Dark Rebel, 2015",8.3 分 370 人评价,约翰·瓦维托斯,Rodrigo Flores-Roux,男香,木质东方调,皮革,烟草,朗姆酒,糖,香草
166,"香奈儿 水晶恋
Chanel Cristalle Eau de Toilette, 1974",8.9 分 202 人评价,香奈儿,Henri Robert,女香,柑橘馥奇香调,柠檬,橡木苔,风信子,香根草,香柠檬
167,"维特&罗夫 激情炸弹
Viktor&Rolf Spicebomb, 2012",8.3 分 366 人评价,维特&罗夫,Olivier Polge,男香,辛辣木质调,肉桂,粉红胡椒,烟草,藏红花,皮革
168,"普拉达 糖果
Prada Candy, 2011",8.2 分 429 人评价,普拉达,Daniela (Roche) Andrier,女香,东方美食调,焦糖,安息香脂,麝香,脂粉味,香草
169,"普拉达 鸢尾花（艾丽斯）
Prada Infusion d'Iris, 2007",8.2 分 412 人评价,普拉达,Daniela (Roche) Andrier,女香,木质花香调,鸢尾花,焚香,雪松,安息香脂,橙花
170,"娇兰 帝王之水
Guerlain Eau de Cologne Imperiale, 1860",8.4 分 312 人评价,娇兰,Pierre-Francois-Pascal Guerlain,女香,柑橘馥奇香调,柠檬,柑橘,柠檬马鞭草,橙花油,香柠檬
171,"娇兰 姬琪（掌上明珠）
Guerlain Jicky, 1889",8.7 分 215 人评价,娇兰,Aime Guerlain,女香,东方馥奇香调,薰衣草,柠檬,香草,迷迭香,香柠檬
172,"大卫杜夫 冷水女士
Davidoff Cool Water, 1996",7.7 分 1032 人评价,大卫杜夫,Pierre Bourdon,女香,水生花香调,柠檬,香瓜,莲花,睡莲,菠萝
173,"艾莉萨博 同名女士
Elie Saab Le Parfum, 2011",8.7 分 212 人评价,艾莉萨博,Francis Kurkdjian,女香,花香调,橙花,茉莉,蜂蜜,广藿香,玫瑰
174,"纳茜素 同名男士
Narciso Rodriguez for Him, 2007",8.5 分 255 人评价,纳茜素,Francis Kurkdjian,男香,馥奇香调,紫罗兰叶,广藿香,麝香,琥珀,树皮
175,"蒂埃里·穆勒 天使
Mugler Angel, 1992",8.1 分 404 人评价,蒂埃里·穆勒,Olivier Cresp,女香,东方美食调,棉花糖,广藿香,黑巧克力,焦糖,蜂蜜
176,"杜嘉班纳 真爱西西里（花朵）‍
Dolce&Gabbana Dolce, 2014",8 分 465 人评价,杜嘉班纳,None,女香,花香调,睡莲,橙花油,麝香,水仙花,木瓜花
177,"莎娃蒂妮 经典同名男士
Salvador Dali Pour Homme, 1987",8.4 分 253 人评价,莎娃蒂妮,Thierry Wasser,男香,东方馥奇香调,广藿香,橡木苔,檀香木,薰衣草,快乐鼠尾草
178,"王薇薇 公主
Vera Wang Princess, 2006",8 分 355 人评价,王薇薇,Harry Fremont,女香,东方花香调,香草,黑巧克力,番石榴,睡莲,提亚蕾花
179,"爱马仕 驿马车
Hermes Caleche, 1961",8.7 分 187 人评价,爱马仕,Guy Robert,女香,醛香花香调,醛,鸢尾花,橡木苔,柠檬,檀香木
180,"浪凡 玫瑰传说
Lanvin Rumeur 2 Rose, 2006",8.1 分 331 人评价,浪凡,Honorine Blanc,女香,花香果香调,柠檬,玫瑰,橙子,葡萄柚,香柠檬
181,"宝缇嘉 同名
Bottega Veneta, 2011",8.7 分 181 人评价,宝缇嘉,Michel Almairac,女香,花香甘苔调,皮革,橡木苔,广藿香,粉红胡椒,茉莉
182,"娇兰 一千零一夜绽放（初次）
Guerlain Shalimar Parfum Initial, 2011",8.5 分 209 人评价,娇兰,Thierry Wasser,女香,花香甘苔调,鸢尾花,香草,焦糖,广藿香,零陵香豆
183,"纪梵希 圆周率π派
Givenchy Pi, 1998",8.2 分 281 人评价,纪梵希,Alberto Morillas,男香,木质东方调,香草,杏仁,安息香脂,零陵香豆,橘子
184,"蒂埃里·穆勒 异型（琥珀）
Mugler Alien, 2005",8.3 分 234 人评价,蒂埃里·穆勒,Laurent Bruyere,女香,木质东方调,茉莉,琥珀,木质香,柑橘,绿叶
185,"凯文克莱 CK 诱惑男士（迷情）
Calvin Klein Euphoria Men, 2006",8.6 分 180 人评价,凯文克莱,Jean-Marc Chaillan,男香,木质馥奇香调,生姜,胡椒,罗勒,鼠尾草,雪松
186,"汤姆·福特 白色广藿香
Tom Ford White Patchouli, 2008",8.5 分 187 人评价,汤姆·福特,Givaudan,女香,花香甘苔调,广藿香,白色花系,芫荽,牡丹,黄葵
187,"香奈儿 感性魅力
Chanel Allure Sensuelle, 2005",8.3 分 201 人评价,香奈儿,Jacques Polge,女香,东方花香调,广藿香,香草,粉红胡椒,辛香料,檀香木
188,"娇兰 爱之鼓
Guerlain Chamade, 1969",8.3 分 194 人评价,娇兰,Jean-Paul Guerlain,女香,东方花香调,白松香,醛,风信子,玫瑰,妥鲁香脂
189,"卡伊 栀子花
Kai, 1999",8.4 分 182 人评价,卡伊,Gaye Straza Rappaport,女香,花香调,栀子花,白色花系,橙花,小苍兰,茉莉
190,"密使 同名香水
Agent Provocateur, 2000",8.1 分 238 人评价,密使,Christian Provenzano,女香,木质花香调,玫瑰,麝香,藏红花,香根草,雪松
191,"爱马仕 龙涎柑橘
Hermes Eau de Mandarine Ambrée, 2013",8.2 分 207 人评价,爱马仕,None,中性香,柑橘馥奇香调,橘子,百香果,琥珀,粉红胡椒,橙子
192,"卡地亚 龙之吻
Cartier Le Baiser Du Dragon, 2003",8.7 分 144 人评价,卡地亚,Alberto Morillas,女香,木质东方调,杏仁酒,杏仁,香根草,广藿香,安息香脂
193,"维特&罗夫 鲜花炸弹
Viktor&Rolf Flowerbomb, 2005",8 分 216 人评价,维特&罗夫,Dominique Ropion,女香,东方花香调,广藿香,兰花,茶叶,麝香,茉莉
194,"圣罗兰 M7乌木精纯
YSL Yves Saint Laurent La Collection M7 Oud Absolu, 2011",8.5 分 141 人评价,圣罗兰,None,男香,木质东方调,沉香(乌木),广藿香,没药,橘子,劳丹脂
195,"高田贤三 爱慕（千里之爱）
Kenzo Amour, 2006",8.1 分 184 人评价,高田贤三,Olivier Cresp,女香,东方美食调,香草,大米,鸡蛋花,樱花,天芥菜
196,"D二次方 我愿意木缘男士
DSQUARED² He Wood, 2007",8 分 209 人评价,D二次方,Daphne Bugey,男香,木质馥奇香调,紫罗兰,雪松,紫罗兰叶,香根草,冷杉
197,"圣罗兰
YSL Yves Saint Laurent M7, 2002",8.7 分 123 人评价,圣罗兰,Alberto Morillas,男香,木质东方调,沉香(乌木),琥珀,香根草,迷迭香,橘子
198,"娇兰 花草水语-柑橘绿茶
Guerlain Teazzurra, 2015",7.9 分 208 人评价,娇兰,Thierry Wasser,中性香,柑橘馥奇香调,茶叶,柠檬,洋甘菊,茉莉,日本柚子
199,"珍蒂毕丝 凡尔赛舞会
Jean Desprez Bal a Versailles, 1962",7.6 分 284 人评价,珍蒂毕丝,Jean Desprez,女香,东方调,麝猫香,树脂,妥鲁香脂,安息香脂,琥珀
